film_id,title,COUNT(r.inventory_id)
458,"INDIAN LOVE",5
465,"INTERVIEW LIAISONS",5
474,"JADE BUNCH",5
476,"JASON TRAP",5
484,"JERK PAYCHECK",5
496,"KICK SAVANNAH",5
501,"KISSING DOLLS",5
502,"KNOCK WARLOCK",5
504,"KWAI HOMEWARD",5
510,"LAWLESS VISION",5
514,"LEBOWSKI SOLDIERS",5
521,"LIES TREATMENT",5
526,"LOCK REAR",5
533,"LOST BIRD",5
535,"LOVE SUICIDES",5
539,"LUCK OPUS",5
552,"MAJESTIC FLOATS",5
555,"MALLRATS UNITED",5
559,"MARRIED GO",5
561,"MASK PEACH",5
563,"MASSACRE USUAL",5
564,"MASSAGE IMAGE",5
572,"METROPOLIS COMA",5
578,"MILLION ACE",5
595,"MOON BUNCH",5
626,"NOON PAPI",5
637,"OPEN AFRICAN",5
645,"OTHERS SOUP",5
649,"OZ LIAISONS",5
651,"PACKER MADIGAN",5
670,"PELICAN COMFORTS",5
676,"PHILADELPHIA WIFE",5
679,"PILOT HOOSIERS",5
681,"PIRATES ROXANNE",5
693,"POTTER CONNECTICUT",5
696,"PRIDE ALAMO",5
698,"PRINCESS GIANT",5
702,"PULP BEVERLY",5
708,"QUILLS BULL",5
711,"RAGING AIRPLANE",5
715,"RANGE MOONWALKER",5
735,"ROBBERS JOON",5
746,"ROUGE SQUAD",5
748,"RUGRATS SHAKESPEARE",5
772,"SEA VIRGIN",5
775,"SEATTLE EXPECATIONS",5
783,"SHANE DARKNESS",5
795,"SIEGE MADRE",5
805,"SLEEPLESS MONSOON",5
809,"SLIPPER FIDELITY",5
814,"SNATCH SLIPPER",5
825,"SPEAKEASY DATE",5
834,"SPOILERS HELLFIGHTERS",5
850,"STORY SIDE",5
858,"SUBMARINE BED",5
862,"SUMMER SCARFACE",5
863,"SUN CONFESSIONS",5
873,"SWEETHEARTS SUSPECTS",5
879,"TELEGRAPH VOYAGE",5
891,"TIMBERLAND SKY",5
447,"ICE CROSSING",5
451,"IGBY MAKER",5
229,"DEVIL DESIRE",5
232,"DIRTY ACE",5
244,"DORADO NOTTING",5
247,"DOWNHILL ENOUGH",5
252,"DREAM PICKUP",5
267,"EAGLES PANKY",5
271,"EASY GLADIATOR",5
278,"ELF MURDER",5
280,"EMPIRE MALKOVICH",5
282,"ENCOUNTERS CURTAIN",5
284,"ENEMY ODDS",5
290,"EVERYONE CRAFT",5
292,"EXCITEMENT EVE",5
295,"EXPENDABLE STALLION",5
301,"FAMILY SWEET",5
304,"FARGO GANDHI",5
305,"FATAL HAUNTED",5
308,"FERRIS MOTHER",5
315,"FINDING ANACONDA",5
317,"FIREBALL PHILADELPHIA",5
319,"FISH OPUS",5
326,"FLYING HOOK",5
329,"FORREST SONS",5
331,"FORWARD TEMPLE",5
334,"FREDDY STORM",5
348,"GANDHI KWAI",5
355,"GHOSTBUSTERS ELF",5
360,"GLASS DYING",5
898,"TOURIST PELICAN",5
367,"GOLDMINE TYCOON",5
900,"TOWN ARK",5
368,"GONE TROUBLE",5
369,"GOODFELLAS SALUTE",5
374,"GRAFFITI LOVE",5
375,"GRAIL FRANKENSTEIN",5
382,"GRIT CLOCKWORK",5
383,"GROOVE FICTION",5
385,"GROUNDHOG UNCUT",5
921,"UNCUT SUICIDES",5
388,"GUNFIGHT MOON",5
925,"UNITED PILOT",5
391,"HALF OUTFIELD",5
395,"HANDICAP BOONDOCK",5
931,"VALENTINE VANISHING",5
396,"HANGING DEEP",5
398,"HANOVER GALAXY",5
941,"VIDEOTAPE ARSENIC",5
413,"HEDWIG ALTER",5
949,"VOLCANO TEXAS",5
415,"HIGH ENCINO",5
416,"HIGHBALL POTTER",5
417,"HILLS NEIGHBORS",5
970,"WESTWARD SEABISCUIT",5
434,"HORROR REIGN",5
436,"HOURS RAGE",5
979,"WITCHES PANIC",5
980,"WIZARD COLDBLOODED",5
982,"WOMEN DORADO",5
985,"WONDERLAND CHRISTMAS",5
4,"AFFAIR PREJUDICE",5
989,"WORKING MICROCOSMOS",5
995,"YENTL IDAHO",5
25,"ANGELS LIFE",5
30,"ANYTHING SAVANNAH",5
50,"BAKED CLEOPATRA",5
54,"BANGER PINOCCHIO",5
56,"BAREFOOT MANCHURIAN",5
61,"BEAUTY GREASE",5
78,"BLACKOUT PRIVATE",5
83,"BLUES INSTINCT",5
86,"BOOGIE AMELIE",5
93,"BRANNIGAN SUNRISE",5
97,"BRIDE INTRIGUE",5
104,"BUGSY SONG",5
111,"CADDYSHACK JEDI",5
120,"CARIBBEAN LIBERTY",5
127,"CAT CONEHEADS",5
129,"CAUSE DATE",5
131,"CENTER DINOSAUR",5
132,"CHAINSAW UPTOWN",5
134,"CHAMPION FLATLINERS",5
138,"CHARIOTS CONSPIRACY",5
142,"CHICKEN HELLFIGHTERS",5
152,"CIRCUS YOUTH",5
159,"CLOSER BANG",5
167,"COMA HEAD",5
172,"CONEHEADS SMOOCHY",5
182,"CONTROL ANTHEM",5
190,"CREEPERS KANE",5
204,"DALMATIONS SWEDEN",5
471,"ISLAND EXORCIST",5
474,"JADE BUNCH",5
478,"JAWS HARRY",5
491,"JUMPING WRATH",5
496,"KICK SAVANNAH",5
517,"LESSON CLEOPATRA",5
523,"LIGHTS DEER",5
535,"LOVE SUICIDES",5
537,"LOVER TRUMAN",5
544,"MADISON TRAP",5
546,"MADRE GABLES",5
554,"MALKOVICH PET",5
572,"METROPOLIS COMA",5
583,"MISSION ZOOLANDER",5
615,"NASH CHOCOLAT",5
617,"NATURAL STOCK",5
621,"NETWORK PEAK",5
625,"NONE SPIKING",5
626,"NOON PAPI",5
628,"NORTHWEST POLISH",5
649,"OZ LIAISONS",5
676,"PHILADELPHIA WIFE",5
684,"PIZZA JUMANJI",5
688,"POLISH BROOKLYN",5
693,"POTTER CONNECTICUT",5
702,"PULP BEVERLY",5
704,"PURE RUNNER",5
717,"REAR TRADING",5
726,"RESERVOIR ADAPTATION",5
728,"REUNION WITCHES",5
735,"ROBBERS JOON",5
738,"ROCKETEER MOTHER",5
739,"ROCKY WAR",5
741,"ROMAN PUNK",5
745,"ROSES TREASURE",5
751,"RUNAWAY TENENBAUMS",5
753,"RUSH GOODFELLAS",5
764,"SATURDAY LAMBS",5
767,"SCALAWAG DUCK",5
770,"SCISSORHANDS SLUMS",5
786,"SHEPHERD MIDSUMMER",5
791,"SHOW LORD",5
805,"SLEEPLESS MONSOON",5
816,"SNOWMAN ROLLERCOASTER",5
838,"STAGECOACH ARMAGEDDON",5
849,"STORM HAPPINESS",5
864,"SUNDANCE INVASION",5
867,"SUPER WYOMING",5
870,"SWARM GOLD",5
875,"TALENTED HOMICIDE",5
887,"THIEF PELICAN",5
450,"IDOLS SNATCHERS",5
234,"DISTURBING SCARFACE",5
237,"DIVORCE SHINING",5
243,"DOORS PRESIDENT",5
249,"DRACULA CRYSTAL",5
253,"DRIFTER COMMANDMENTS",5
257,"DRUMLINE CYCLONE",5
264,"DWARFS ALTER",5
274,"EGG IGBY",5
279,"ELIZABETH SHANE",5
285,"ENGLISH BULWORTH",5
290,"EVERYONE CRAFT",5
295,"EXPENDABLE STALLION",5
299,"FACTORY DRAGON",5
314,"FIGHT JAWBREAKER",5
322,"FLATLINERS KILLER",5
328,"FOREVER CANDIDATE",5
331,"FORWARD TEMPLE",5
341,"FROST HEAD",5
346,"GALAXY SWEETHEARTS",5
348,"GANDHI KWAI",5
349,"GANGS PRIDE",5
350,"GARDEN ISLAND",5
353,"GENTLEMEN STAGE",5
358,"GILMORE BOILED",5
898,"TOURIST PELICAN",5
374,"GRAFFITI LOVE",5
912,"TROJAN TOMORROW",5
920,"UNBREAKABLE KARATE",5
388,"GUNFIGHT MOON",5
393,"HALLOWEEN NUTS",5
929,"USUAL UNTOUCHABLES",5
395,"HANDICAP BOONDOCK",5
931,"VALENTINE VANISHING",5
401,"HAROLD FRENCH",5
403,"HARRY IDAHO",5
941,"VIDEOTAPE ARSENIC",5
407,"HAWK CHILL",5
942,"VIETNAM SMOOCHY",5
412,"HEAVYWEIGHTS BEAST",5
416,"HIGHBALL POTTER",5
417,"HILLS NEIGHBORS",5
418,"HOBBIT ALIEN",5
424,"HOLOCAUST HIGHBALL",5
963,"WATCH TRACY",5
426,"HOME PITY",5
428,"HOMICIDE PEACH",5
429,"HONEY TIES",5
433,"HORN WORKING",5
975,"WILLOW TRACY",5
437,"HOUSE DYNAMITE",5
979,"WITCHES PANIC",5
440,"HUNGER ROOF",5
6,"AGENT TRUMAN",5
989,"WORKING MICROCOSMOS",5
11,"ALAMO VIDEOTAPE",5
26,"ANNIE IDENTITY",5
31,"APACHE DIVINE",5
39,"ARMAGEDDON LOST",5
42,"ARTIST COLDBLOODED",5
43,"ATLANTIS CAUSE",5
47,"BABY HALL",5
52,"BALLROOM MOCKINGBIRD",5
55,"BARBARELLA STREETCAR",5
57,"BASIC EASY",5
59,"BEAR GRACELAND",5
70,"BIKINI BORROWERS",5
73,"BINGO TALENTED",5
78,"BLACKOUT PRIVATE",5
85,"BONNIE HOLOCAUST",5
96,"BREAKING HOME",5
101,"BROTHERHOOD BLANKET",5
103,"BUCKET BROTHERHOOD",5
115,"CAMPUS REMEMBER",5
116,"CANDIDATE PERDITION",5
126,"CASUALTIES ENCINO",5
131,"CENTER DINOSAUR",5
145,"CHISUM BEHAVIOR",5
147,"CHOCOLAT HARRY",5
159,"CLOSER BANG",5
173,"CONFESSIONS MAGUIRE",5
174,"CONFIDENTIAL INTERVIEW",5
176,"CONGENIALITY QUEST",5
178,"CONNECTION MICROCOSMOS",5
181,"CONTACT ANONYMOUS",5
184,"CORE SUIT",5
200,"CURTAIN VIDEOTAPE",5
203,"DAISY MENAGERIE",5
208,"DARES PLUTO",5
210,"DARKO DORADO",5
463,"INSTINCT AIRPORT",5
467,"INTRIGUE WORST",5
471,"ISLAND EXORCIST",5
489,"JUGGLER HARDLY",5
492,"JUNGLE CLOSER",5
494,"KARATE MOON",5
504,"KWAI HOMEWARD",5
521,"LIES TREATMENT",5
526,"LOCK REAR",5
530,"LORD ARIZONA",5
533,"LOST BIRD",5
535,"LOVE SUICIDES",5
540,"LUCKY FLYING",5
545,"MADNESS ATTACKS",5
551,"MAIDEN HOME",5
554,"MALKOVICH PET",5
557,"MANCHURIAN CURTAIN",5
560,"MARS ROMAN",5
565,"MATRIX SNOWMAN",5
570,"MERMAID INSECTS",5
576,"MIGHTY LUCK",5
578,"MILLION ACE",5
587,"MOD SECRETARY",5
597,"MOONWALKER FOOL",5
599,"MOTHER OLEANDER",5
603,"MOVIE SHAKESPEARE",5
604,"MULAN MOON",5
610,"MUSIC BOONDOCK",5
628,"NORTHWEST POLISH",5
633,"OCTOBER SUBMARINE",5
638,"OPERATION OPERATION",5
650,"PACIFIC AMISTAD",5
661,"PAST SUICIDES",5
678,"PICKUP DRIVING",5
683,"PITY BOUND",5
688,"POLISH BROOKLYN",5
690,"POND SEATTLE",5
717,"REAR TRADING",5
728,"REUNION WITCHES",5
733,"RIVER OUTLAW",5
738,"ROCKETEER MOTHER",5
741,"ROMAN PUNK",5
749,"RULES HUMAN",5
762,"SASSY PACKER",5
770,"SCISSORHANDS SLUMS",5
771,"SCORPION APOLLO",5
776,"SECRET GROUNDHOG",5
778,"SECRETS PARADISE",5
782,"SHAKESPEARE SADDLE",5
786,"SHEPHERD MIDSUMMER",5
788,"SHIP WONDERLAND",5
791,"SHOW LORD",5
797,"SILENCE KANE",5
800,"SINNERS ATLANTIS",5
838,"STAGECOACH ARMAGEDDON",5
845,"STEPMOM DREAM",5
851,"STRAIGHT HOURS",5
861,"SUIT WALLS",5
869,"SUSPECTS QUILLS",5
872,"SWEET BROTHERHOOD",5
875,"TALENTED HOMICIDE",5
882,"TENENBAUMS COMMAND",5
887,"THIEF PELICAN",5
445,"HYDE DOCTOR",5
447,"ICE CROSSING",5
450,"IDOLS SNATCHERS",5
457,"INDEPENDENCE HOTEL",5
228,"DETECTIVE VISION",5
230,"DIARY PANIC",5
238,"DOCTOR GRAIL",5
241,"DONNIE ALLEY",5
244,"DORADO NOTTING",5
249,"DRACULA CRYSTAL",5
251,"DRAGONFLY STRANGERS",5
252,"DREAM PICKUP",5
267,"EAGLES PANKY",5
272,"EDGE KISSING",5
273,"EFFECT GLADIATOR",5
279,"ELIZABETH SHANE",5
284,"ENEMY ODDS",5
286,"ENOUGH RAGING",5
300,"FALCON VOLUME",5
304,"FARGO GANDHI",5
305,"FATAL HAUNTED",5
309,"FEUD FROGMEN",5
333,"FREAKY POCUS",5
353,"GENTLEMEN STAGE",5
897,"TORQUE BOUND",5
366,"GOLDFINGER SENSIBILITY",5
898,"TOURIST PELICAN",5
369,"GOODFELLAS SALUTE",5
370,"GORGEOUS BINGO",5
906,"TRAMP OTHERS",5
377,"GREASE YOUTH",5
382,"GRIT CLOCKWORK",5
920,"UNBREAKABLE KARATE",5
390,"GUYS FALCON",5
927,"UPRISING UPTOWN",5
393,"HALLOWEEN NUTS",5
930,"VACATION BOONDOCK",5
395,"HANDICAP BOONDOCK",5
397,"HANKY OCTOBER",5
936,"VANISHING ROCKY",5
938,"VELVET TERMINATOR",5
406,"HAUNTING PIANIST",5
948,"VOICE PEACH",5
414,"HELLFIGHTERS SIERRA",5
951,"VOYAGE LEGALLY",5
956,"WANDA CHAMBER",5
958,"WARDROBE PHANTOM",5
426,"HOME PITY",5
969,"WEST LION",5
434,"HORROR REIGN",5
1,"ACADEMY DINOSAUR",5
995,"YENTL IDAHO",5
998,"ZHIVAGO CORE",5
26,"ANNIE IDENTITY",5
28,"ANTHEM LUKE",5
42,"ARTIST COLDBLOODED",5
51,"BALLOON HOMEWARD",5
59,"BEAR GRACELAND",5
67,"BERETS AGENT",5
73,"BINGO TALENTED",5
75,"BIRD INDEPENDENCE",5
79,"BLADE POLISH",5
84,"BOILED DARES",5
86,"BOOGIE AMELIE",5
89,"BORROWERS BEDAZZLED",5
96,"BREAKING HOME",5
98,"BRIGHT ENCOUNTERS",5
100,"BROOKLYN DESERT",5
109,"BUTTERFLY CHOCOLAT",5
114,"CAMELOT VACATION",5
130,"CELEBRITY HORN",5
132,"CHAINSAW UPTOWN",5
135,"CHANCE RESURRECTION",5
138,"CHARIOTS CONSPIRACY",5
141,"CHICAGO NORTH",5
145,"CHISUM BEHAVIOR",5
151,"CINCINATTI WHISPERER",5
156,"CLERKS ANGELS",5
158,"CLONES PINOCCHIO",5
162,"CLUELESS BUCKET",5
166,"COLOR PHILADELPHIA",5
176,"CONGENIALITY QUEST",5
179,"CONQUERER NUTS",5
187,"CRANES RESERVOIR",5
201,"CYCLONE FAMILY",5
213,"DATE SPEED",5
216,"DAY UNFAITHFUL",5
466,"INTOLERABLE INTENTIONS",5
471,"ISLAND EXORCIST",5
473,"JACKET FRISCO",5
480,"JEEPERS WEDDING",5
487,"JINGLE SAGEBRUSH",5
494,"KARATE MOON",5
518,"LIAISONS SWEET",5
519,"LIBERTY MAGNIFICENT",5
524,"LION UNCUT",5
528,"LOLITA WORLD",5
531,"LOSE INCH",5
535,"LOVE SUICIDES",5
540,"LUCKY FLYING",5
556,"MALTESE HOPE",5
560,"MARS ROMAN",5
573,"MICROCOSMOS PARADISE",5
578,"MILLION ACE",5
589,"MODERN DORADO",5
593,"MONTEREY LABYRINTH",5
598,"MOSQUITO ARMAGEDDON",5
608,"MURDER ANTITRUST",5
610,"MUSIC BOONDOCK",5
621,"NETWORK PEAK",5
631,"NOVOCAINE FLIGHT",5
639,"OPPOSITE NECKLACE",5
646,"OUTBREAK DIVINE",5
650,"PACIFIC AMISTAD",5
651,"PACKER MADIGAN",5
659,"PARK CITIZEN",5
663,"PATIENT SISTER",5
668,"PEAK FOREVER",5
688,"POLISH BROOKLYN",5
700,"PRIX UNDEFEATED",5
702,"PULP BEVERLY",5
706,"QUEEN LUKE",5
725,"REQUIEM TYCOON",5
727,"RESURRECTION SILVERADO",5
735,"ROBBERS JOON",5
744,"ROOTS REMEMBER",5
745,"ROSES TREASURE",5
749,"RULES HUMAN",5
753,"RUSH GOODFELLAS",5
757,"SAGEBRUSH CLUELESS",5
759,"SALUTE APOLLO",5
767,"SCALAWAG DUCK",5
768,"SCARFACE BANG",5
770,"SCISSORHANDS SLUMS",5
790,"SHOOTIST SUPERFLY",5
792,"SHREK LICENSE",5
803,"SLACKER LIAISONS",5
804,"SLEEPING SUSPECTS",5
807,"SLEUTH ORIENT",5
814,"SNATCH SLIPPER",5
818,"SOMETHING DUCK",5
822,"SOUP WISDOM",5
842,"STATE WASTELAND",5
843,"STEEL SANTA",5
853,"STRANGER STRANGERS",5
855,"STREAK RIDGEMONT",5
861,"SUIT WALLS",5
865,"SUNRISE LEAGUE",5
869,"SUSPECTS QUILLS",5
870,"SWARM GOLD",5
872,"SWEET BROTHERHOOD",5
875,"TALENTED HOMICIDE",5
878,"TEEN APOLLO",5
880,"TELEMARK HEARTBREAKERS",5
449,"IDENTITY LOVER",5
450,"IDOLS SNATCHERS",5
452,"ILLUSION AMELIE",5
227,"DETAILS PACKER",5
228,"DETECTIVE VISION",5
233,"DISCIPLE MOTHER",5
242,"DOOM DANCING",5
247,"DOWNHILL ENOUGH",5
255,"DRIVING POLISH",5
260,"DUDE BLINDNESS",5
265,"DYING MAKER",5
287,"ENTRAPMENT SATISFACTION",5
288,"ESCAPE METROPOLIS",5
299,"FACTORY DRAGON",5
301,"FAMILY SWEET",5
303,"FANTASY TROOPERS",5
304,"FARGO GANDHI",5
305,"FATAL HAUNTED",5
307,"FELLOWSHIP AUTUMN",5
309,"FEUD FROGMEN",5
313,"FIDELITY DEVIL",5
345,"GABLES METROPOLIS",5
348,"GANDHI KWAI",5
367,"GOLDMINE TYCOON",5
373,"GRADUATE LORD",5
906,"TRAMP OTHERS",5
911,"TRIP NEWTON",5
912,"TROJAN TOMORROW",5
915,"TRUMAN CRAZY",5
387,"GUN BONNIE",5
928,"UPTOWN YOUNG",5
932,"VALLEY PACKER",5
397,"HANKY OCTOBER",5
410,"HEAVEN FREEDOM",5
953,"WAIT CIDER",5
422,"HOLLOW JEOPARDY",5
962,"WASTELAND DIVINE",5
966,"WEDDING APOLLO",5
967,"WEEKEND PERSONAL",5
969,"WEST LION",5
971,"WHALE BIKINI",5
1000,"ZORRO ARK",5
28,"ANTHEM LUKE",5
48,"BACKLASH UNDEFEATED",5
59,"BEAR GRACELAND",5
71,"BILKO ANONYMOUS",5
82,"BLOOD ARGONAUTS",5
84,"BOILED DARES",5
100,"BROOKLYN DESERT",5
101,"BROTHERHOOD BLANKET",5
103,"BUCKET BROTHERHOOD",5
111,"CADDYSHACK JEDI",5
119,"CAPER MOTIONS",5
140,"CHEAPER CLYDE",5
154,"CLASH FREDDY",5
167,"COMA HEAD",5
205,"DANCES NONE",5
479,"JEDI BENEATH",5
489,"JUGGLER HARDLY",5
493,"KANE EXORCIST",5
499,"KING EVOLUTION",5
502,"KNOCK WARLOCK",5
509,"LANGUAGE COWBOY",5
521,"LIES TREATMENT",5
543,"MADIGAN DORADO",5
545,"MADNESS ATTACKS",5
551,"MAIDEN HOME",5
563,"MASSACRE USUAL",5
571,"METAL ARMAGEDDON",5
575,"MIDSUMMER GROUNDHOG",5
577,"MILE MULAN",5
579,"MINDS TRUMAN",5
580,"MINE TITANS",5
582,"MIRACLE VIRTUAL",5
588,"MODEL FISH",5
596,"MOONSHINE CABIN",5
608,"MURDER ANTITRUST",5
614,"NAME DETECTIVE",5
621,"NETWORK PEAK",5
624,"NIGHTMARE CHILL",5
646,"OUTBREAK DIVINE",5
668,"PEAK FOREVER",5
685,"PLATOON INSTINCT",5
689,"POLLOCK DELIVERANCE",5
730,"RIDGEMONT SUBMARINE",5
734,"ROAD ROXANNE",5
736,"ROBBERY BRIGHT",5
740,"ROLLERCOASTER BRINGING",5
744,"ROOTS REMEMBER",5
759,"SALUTE APOLLO",5
760,"SAMURAI LION",5
771,"SCORPION APOLLO",5
773,"SEABISCUIT PUNK",5
792,"SHREK LICENSE",5
810,"SLUMS DUCK",5
816,"SNOWMAN ROLLERCOASTER",5
826,"SPEED SUIT",5
848,"STONE FIRE",5
850,"STORY SIDE",5
856,"STREETCAR INTENTIONS",5
869,"SUSPECTS QUILLS",5
870,"SWARM GOLD",5
872,"SWEET BROTHERHOOD",5
878,"TEEN APOLLO",5
879,"TELEGRAPH VOYAGE",5
450,"IDOLS SNATCHERS",5
452,"ILLUSION AMELIE",5
228,"DETECTIVE VISION",5
234,"DISTURBING SCARFACE",5
239,"DOGMA FAMILY",5
240,"DOLLS RAGE",5
242,"DOOM DANCING",5
251,"DRAGONFLY STRANGERS",5
266,"DYNAMITE TARZAN",5
271,"EASY GLADIATOR",5
272,"EDGE KISSING",5
277,"ELEPHANT TROJAN",5
285,"ENGLISH BULWORTH",5
298,"EYES DRIVING",5
303,"FANTASY TROOPERS",5
309,"FEUD FROGMEN",5
319,"FISH OPUS",5
333,"FREAKY POCUS",5
344,"FURY MURDER",5
345,"GABLES METROPOLIS",5
347,"GAMES BOWFINGER",5
352,"GATHERING CALENDAR",5
356,"GIANT TROOPERS",5
893,"TITANS JERK",5
366,"GOLDFINGER SENSIBILITY",5
902,"TRADING PINOCCHIO",5
370,"GORGEOUS BINGO",5
374,"GRAFFITI LOVE",5
908,"TRAP GUYS",5
915,"TRUMAN CRAZY",5
382,"GRIT CLOCKWORK",5
387,"GUN BONNIE",5
388,"GUNFIGHT MOON",5
924,"UNFORGIVEN ZOOLANDER",5
932,"VALLEY PACKER",5
397,"HANKY OCTOBER",5
938,"VELVET TERMINATOR",5
403,"HARRY IDAHO",5
941,"VIDEOTAPE ARSENIC",5
944,"VIRGIN DAISY",5
945,"VIRGINIAN PLUTO",5
410,"HEAVEN FREEDOM",5
947,"VISION TORQUE",5
418,"HOBBIT ALIEN",5
422,"HOLLOW JEOPARDY",5
976,"WIND PHANTOM",5
439,"HUNCHBACK IMPOSSIBLE",5
979,"WITCHES PANIC",5
442,"HUNTING MUSKETEERS",5
987,"WORDS HUNTER",5
8,"AIRPORT POLLOCK",5
992,"WRATH MILE",5
994,"WYOMING STORM",5
11,"ALAMO VIDEOTAPE",5
17,"ALONE TRIP",5
26,"ANNIE IDENTITY",5
28,"ANTHEM LUKE",5
45,"ATTRACTION NEWTON",5
48,"BACKLASH UNDEFEATED",5
55,"BARBARELLA STREETCAR",5
58,"BEACH HEARTBREAKERS",5
68,"BETRAYED REAR",5
82,"BLOOD ARGONAUTS",5
86,"BOOGIE AMELIE",5
101,"BROTHERHOOD BLANKET",5
103,"BUCKET BROTHERHOOD",5
109,"BUTTERFLY CHOCOLAT",5
117,"CANDLES GRAPES",5
127,"CAT CONEHEADS",5
130,"CELEBRITY HORN",5
143,"CHILL LUCK",5
155,"CLEOPATRA DEVIL",5
164,"COAST RAINBOW",5
174,"CONFIDENTIAL INTERVIEW",5
179,"CONQUERER NUTS",5
200,"CURTAIN VIDEOTAPE",5
202,"DADDY PITTSBURGH",5
204,"DALMATIONS SWEDEN",5
206,"DANCING FEVER",5
211,"DARLING BREAKING",5
215,"DAWN POND",5
220,"DEER VIRGINIAN",5
462,"INSIDER ARIZONA",5
481,"JEKYLL FROGMEN",5
486,"JET NEIGHBORS",5
488,"JOON NORTHWEST",5
489,"JUGGLER HARDLY",5
491,"JUMPING WRATH",5
493,"KANE EXORCIST",5
496,"KICK SAVANNAH",5
505,"LABYRINTH LEAGUE",5
515,"LEGALLY SECRETARY",5
520,"LICENSE WEEKEND",5
529,"LONELY ELEPHANT",5
543,"MADIGAN DORADO",5
555,"MALLRATS UNITED",5
559,"MARRIED GO",5
561,"MASK PEACH",5
563,"MASSACRE USUAL",5
569,"MENAGERIE RUSHMORE",5
571,"METAL ARMAGEDDON",5
586,"MOCKINGBIRD HOLLYWOOD",5
588,"MODEL FISH",5
595,"MOON BUNCH",5
598,"MOSQUITO ARMAGEDDON",5
600,"MOTIONS DETAILS",5
603,"MOVIE SHAKESPEARE",5
618,"NECKLACE OUTBREAK",5
624,"NIGHTMARE CHILL",5
627,"NORTH TEQUILA",5
634,"ODDS BOOGIE",5
638,"OPERATION OPERATION",5
639,"OPPOSITE NECKLACE",5
647,"OUTFIELD MASSACRE",5
673,"PERSONAL LADYBUGS",5
680,"PINOCCHIO SIMON",5
686,"PLUTO OLEANDER",5
698,"PRINCESS GIANT",5
705,"PURPLE MOVIE",5
723,"REIGN GENTLEMEN",5
727,"RESURRECTION SILVERADO",5
730,"RIDGEMONT SUBMARINE",5
735,"ROBBERS JOON",5
738,"ROCKETEER MOTHER",5
745,"ROSES TREASURE",5
747,"ROXANNE REBEL",5
750,"RUN PACIFIC",5
775,"SEATTLE EXPECATIONS",5
792,"SHREK LICENSE",5
806,"SLEEPY JAPANESE",5
812,"SMOKING BARBARELLA",5
823,"SOUTH WAIT",5
827,"SPICE SORORITY",5
855,"STREAK RIDGEMONT",5
866,"SUNSET RACER",5
868,"SUPERFLY TRIP",5
871,"SWEDEN SHINING",5
889,"TIES HUNGER",5
891,"TIMBERLAND SKY",5
892,"TITANIC BOONDOCK",5
450,"IDOLS SNATCHERS",5
454,"IMPACT ALADDIN",5
234,"DISTURBING SCARFACE",5
239,"DOGMA FAMILY",5
242,"DOOM DANCING",5
245,"DOUBLE WRATH",5
247,"DOWNHILL ENOUGH",5
254,"DRIVER ANNIE",5
255,"DRIVING POLISH",5
260,"DUDE BLINDNESS",5
268,"EARLY HOME",5
271,"EASY GLADIATOR",5
273,"EFFECT GLADIATOR",5
277,"ELEPHANT TROJAN",5
283,"ENDING CROWDS",5
284,"ENEMY ODDS",5
285,"ENGLISH BULWORTH",5
293,"EXORCIST STING",5
294,"EXPECATIONS NATURAL",5
301,"FAMILY SWEET",5
303,"FANTASY TROOPERS",5
306,"FEATHERS METAL",5
309,"FEUD FROGMEN",5
314,"FIGHT JAWBREAKER",5
317,"FIREBALL PHILADELPHIA",5
327,"FOOL MOCKINGBIRD",5
330,"FORRESTER COMANCHEROS",5
331,"FORWARD TEMPLE",5
349,"GANGS PRIDE",5
354,"GHOST GROUNDHOG",5
363,"GO PURPLE",5
367,"GOLDMINE TYCOON",5
901,"TRACY CIDER",5
905,"TRAINSPOTTING STRANGERS",5
907,"TRANSLATION SUMMER",5
374,"GRAFFITI LOVE",5
910,"TREATMENT JEKYLL",5
382,"GRIT CLOCKWORK",5
385,"GROUNDHOG UNCUT",5
922,"UNDEFEATED DALMATIONS",5
394,"HAMLET WISDOM",5
396,"HANGING DEEP",5
406,"HAUNTING PIANIST",5
945,"VIRGINIAN PLUTO",5
411,"HEAVENLY GUN",5
953,"WAIT CIDER",5
958,"WARDROBE PHANTOM",5
961,"WASH HEAVENLY",5
966,"WEDDING APOLLO",5
429,"HONEY TIES",5
968,"WEREWOLF LOLA",5
973,"WIFE TURN",5
439,"HUNCHBACK IMPOSSIBLE",5
979,"WITCHES PANIC",5
442,"HUNTING MUSKETEERS",5
443,"HURRICANE AFFAIR",5
984,"WONDERFUL DROP",5
1,"ACADEMY DINOSAUR",5
3,"ADAPTATION HOLES",5
6,"AGENT TRUMAN",5
12,"ALASKA PHANTOM",5
1000,"ZORRO ARK",5
21,"AMERICAN CIRCUS",5
23,"ANACONDA CONFESSIONS",5
25,"ANGELS LIFE",5
29,"ANTITRUST TOMATOES",5
31,"APACHE DIVINE",5
34,"ARABIA DOGMA",5
40,"ARMY FLINTSTONES",5
43,"ATLANTIS CAUSE",5
48,"BACKLASH UNDEFEATED",5
60,"BEAST HUNCHBACK",5
77,"BIRDS PERDITION",5
86,"BOOGIE AMELIE",5
103,"BUCKET BROTHERHOOD",5
135,"CHANCE RESURRECTION",5
137,"CHARADE DUFFEL",5
139,"CHASING FIGHT",5
140,"CHEAPER CLYDE",5
159,"CLOSER BANG",5
160,"CLUB GRAFFITI",5
162,"CLUELESS BUCKET",5
167,"COMA HEAD",5
181,"CONTACT ANONYMOUS",5
196,"CRUELTY UNFORGIVEN",5
202,"DADDY PITTSBURGH",5
462,"INSIDER ARIZONA",5
468,"INVASION CYCLONE",5
470,"ISHTAR ROCKETEER",5
483,"JERICHO MULAN",5
491,"JUMPING WRATH",5
500,"KISS GLORY",5
502,"KNOCK WARLOCK",5
505,"LABYRINTH LEAGUE",5
516,"LEGEND JEDI",5
522,"LIFE TWISTED",5
525,"LOATHING LEGALLY",5
529,"LONELY ELEPHANT",5
554,"MALKOVICH PET",5
555,"MALLRATS UNITED",5
567,"MEET CHOCOLATE",5
575,"MIDSUMMER GROUNDHOG",5
577,"MILE MULAN",5
583,"MISSION ZOOLANDER",5
602,"MOURNING PURPLE",5
603,"MOVIE SHAKESPEARE",5
609,"MUSCLE BRIGHT",5
613,"MYSTIC TRUMAN",5
629,"NOTORIOUS REUNION",5
641,"ORANGE GRAPES",5
645,"OTHERS SOUP",5
646,"OUTBREAK DIVINE",5
650,"PACIFIC AMISTAD",5
654,"PANKY SUBMARINE",5
664,"PATRIOT ROMAN",5
665,"PATTON INTERVIEW",5
687,"POCUS PULP",5
692,"POTLUCK MIXED",5
694,"PREJUDICE OLEANDER",5
703,"PUNK DIVORCE",5
715,"RANGE MOONWALKER",5
719,"RECORDS ZORRO",5
730,"RIDGEMONT SUBMARINE",5
732,"RINGS HEARTBREAKERS",5
735,"ROBBERS JOON",5
738,"ROCKETEER MOTHER",5
741,"ROMAN PUNK",5
743,"ROOM ROMAN",5
748,"RUGRATS SHAKESPEARE",5
756,"SADDLE ANTITRUST",5
759,"SALUTE APOLLO",5
772,"SEA VIRGIN",5
775,"SEATTLE EXPECATIONS",5
776,"SECRET GROUNDHOG",5
778,"SECRETS PARADISE",5
793,"SHRUNK DIVINE",5
800,"SINNERS ATLANTIS",5
804,"SLEEPING SUSPECTS",5
806,"SLEEPY JAPANESE",5
810,"SLUMS DUCK",5
819,"SONG HEDWIG",5
828,"SPIKING ELEMENT",5
839,"STALLION SUNDANCE",5
849,"STORM HAPPINESS",5
852,"STRANGELOVE DESIRE",5
854,"STRANGERS GRAFFITI",5
859,"SUGAR WONKA",5
873,"SWEETHEARTS SUSPECTS",5
878,"TEEN APOLLO",5
451,"IGBY MAKER",5
226,"DESTINY SATURDAY",5
245,"DOUBLE WRATH",5
246,"DOUBTFIRE LABYRINTH",5
248,"DOZEN LION",5
263,"DURHAM PANKY",5
265,"DYING MAKER",5
273,"EFFECT GLADIATOR",5
275,"EGYPT TENENBAUMS",5
284,"ENEMY ODDS",5
287,"ENTRAPMENT SATISFACTION",5
296,"EXPRESS LONELY",5
300,"FALCON VOLUME",5
303,"FANTASY TROOPERS",5
322,"FLATLINERS KILLER",5
334,"FREDDY STORM",5
344,"FURY MURDER",5
346,"GALAXY SWEETHEARTS",5
349,"GANGS PRIDE",5
358,"GILMORE BOILED",5
893,"TITANS JERK",5
361,"GLEAMING JAWBREAKER",5
896,"TOOTSIE PILOT",5
899,"TOWERS HURRICANE",5
902,"TRADING PINOCCHIO",5
373,"GRADUATE LORD",5
914,"TROUBLE DATE",5
915,"TRUMAN CRAZY",5
387,"GUN BONNIE",5
924,"UNFORGIVEN ZOOLANDER",5
391,"HALF OUTFIELD",5
926,"UNTOUCHABLES SUNRISE",5
394,"HAMLET WISDOM",5
930,"VACATION BOONDOCK",5
949,"VOLCANO TEXAS",5
951,"VOYAGE LEGALLY",5
953,"WAIT CIDER",5
417,"HILLS NEIGHBORS",5
958,"WARDROBE PHANTOM",5
961,"WASH HEAVENLY",5
425,"HOLY TADPOLE",5
964,"WATERFRONT DELIVERANCE",5
966,"WEDDING APOLLO",5
968,"WEREWOLF LOLA",5
432,"HOPE TOOTSIE",5
971,"WHALE BIKINI",5
973,"WIFE TURN",5
435,"HOTEL HAPPINESS",5
442,"HUNTING MUSKETEERS",5
982,"WOMEN DORADO",5
445,"HYDE DOCTOR",5
987,"WORDS HUNTER",5
5,"AFRICAN EGG",5
991,"WORST BANGER",5
8,"AIRPORT POLLOCK",5
994,"WYOMING STORM",5
12,"ALASKA PHANTOM",5
15,"ALIEN CENTER",5
16,"ALLEY EVOLUTION",5
18,"ALTER VICTORY",5
19,"AMADEUS HOLY",5
21,"AMERICAN CIRCUS",5
23,"ANACONDA CONFESSIONS",5
29,"ANTITRUST TOMATOES",5
31,"APACHE DIVINE",5
46,"AUTUMN CROW",5
54,"BANGER PINOCCHIO",5
58,"BEACH HEARTBREAKERS",5
68,"BETRAYED REAR",5
73,"BINGO TALENTED",5
80,"BLANKET BEVERLY",5
83,"BLUES INSTINCT",5
89,"BORROWERS BEDAZZLED",5
90,"BOULEVARD MOB",5
95,"BREAKFAST GOLDFINGER",5
103,"BUCKET BROTHERHOOD",5
109,"BUTTERFLY CHOCOLAT",5
110,"CABIN FLASH",5
112,"CALENDAR GUNFIGHT",5
113,"CALIFORNIA BIRDS",5
117,"CANDLES GRAPES",5
130,"CELEBRITY HORN",5
135,"CHANCE RESURRECTION",5
140,"CHEAPER CLYDE",5
142,"CHICKEN HELLFIGHTERS",5
149,"CHRISTMAS MOONSHINE",5
150,"CIDER DESIRE",5
158,"CLONES PINOCCHIO",5
159,"CLOSER BANG",5
164,"COAST RAINBOW",5
169,"COMFORTS RUSH",5
177,"CONNECTICUT TRAMP",5
186,"CRAFT OUTFIELD",5
197,"CRUSADE HONEY",5
465,"INTERVIEW LIAISONS",5
474,"JADE BUNCH",5
